GT	Prompt	meta-llama_Meta-Llama-3-70B-Instruct
B	You are given a multiple-choice question (MCQ) from a Cyber Threat Intelligence (CTI) knowledge benchmark dataset. Your task is to choose the best option among the four provided. Return your answer as a single uppercase letter: A, B, C, or D.  **Question:** Which of the following mitigations involves preventing applications from running that haven't been downloaded from legitimate repositories?  **Options:** A) Audit B) Execution Prevention C) Operating System Configuration D) User Account Control  **Important:** The last line of your answer should contain only the single letter corresponding to the best option, with no additional text. 	D
D	You are given a multiple-choice question (MCQ) from a Cyber Threat Intelligence (CTI) knowledge benchmark dataset. Your task is to choose the best option among the four provided. Return your answer as a single uppercase letter: A, B, C, or D.  **Question:** Which data source is recommended for monitoring commands that may circumvent mechanisms designed to control elevation of privileges?  **Options:** A) Command B) File C) Process D) User Account  **Important:** The last line of your answer should contain only the single letter corresponding to the best option, with no additional text. 	D
C	You are given a multiple-choice question (MCQ) from a Cyber Threat Intelligence (CTI) knowledge benchmark dataset. Your task is to choose the best option among the four provided. Return your answer as a single uppercase letter: A, B, C, or D.  **Question:** What does mitigation ID M1028 suggest to prevent privilege escalation exploits on a system?  **Options:** A) Limiting privileges of cloud accounts B) Preventing unsigned applications from running C) Minimizing applications with setuid or setgid bits set D) Enforcing the highest UAC level  **Important:** The last line of your answer should contain only the single letter corresponding to the best option, with no additional text. 	C
B	You are given a multiple-choice question (MCQ) from a Cyber Threat Intelligence (CTI) knowledge benchmark dataset. Your task is to choose the best option among the four provided. Return your answer as a single uppercase letter: A, B, C, or D.  **Question:** Which process creation is an indicator of potential SYSTEM privilege escalation according to the detection section?  **Options:** A) C:\Windows\System32\services.exe B) C:\Windows\System32\cmd.exe C) C:\Windows\System32\rundll32.exe D) C:\Windows\System32\notepad.exe  **Important:** The last line of your answer should contain only the single letter corresponding to the best option, with no additional text. 	C
C	You are given a multiple-choice question (MCQ) from a Cyber Threat Intelligence (CTI) knowledge benchmark dataset. Your task is to choose the best option among the four provided. Return your answer as a single uppercase letter: A, B, C, or D.  **Question:** In a Linux environment, what is recommended to monitor for detecting privilege escalation via sudo?  **Options:** A) Monitor Windows Registry Key Modification B) Monitor OS API Execution C) Monitor file metadata for setuid or setgid bits on files D) Audit process metadata changes  **Important:** The last line of your answer should contain only the single letter corresponding to the best option, with no additional text. 	C
B	You are given a multiple-choice question (MCQ) from a Cyber Threat Intelligence (CTI) knowledge benchmark dataset. Your task is to choose the best option among the four provided. Return your answer as a single uppercase letter: A, B, C, or D.  **Question:** What mitigation ID suggests requiring a password every time sudo is executed to manage privileged accounts?  **Options:** A) Audit B) Privileged Account Management C) Restrict File and Directory Permissions D) User Account Management  **Important:** The last line of your answer should contain only the single letter corresponding to the best option, with no additional text. 	D
D	"You are given a multiple-choice question (MCQ) from a Cyber Threat Intelligence (CTI) knowledge benchmark dataset. Your task is to choose the best option among the four provided. Return your answer as a single uppercase letter: A, B, C, or D.  **Question:** An adversary leveraging the technique ""Abuse Elevation Control Mechanism: Setuid and Setgid"" is targeting which systems from the MITRE ATT&CK Enterprise matrix?  **Options:** A) Linux B) Windows C) macOS D) Linux and macOS  **Important:** The last line of your answer should contain only the single letter corresponding to the best option, with no additional text. "	D
A	"You are given a multiple-choice question (MCQ) from a Cyber Threat Intelligence (CTI) knowledge benchmark dataset. Your task is to choose the best option among the four provided. Return your answer as a single uppercase letter: A, B, C, or D.  **Question:** Which of the following commands would an adversary use to find files with the setgid bit set on a UNIX-based system?  **Options:** A) find / -perm +4000 2>/dev/null B) find / -perm +2000 2>/dev/null C) ls -l | grep 's' D) grep -R ""setgid"" /  **Important:** The last line of your answer should contain only the single letter corresponding to the best option, with no additional text. "	A
B	You are given a multiple-choice question (MCQ) from a Cyber Threat Intelligence (CTI) knowledge benchmark dataset. Your task is to choose the best option among the four provided. Return your answer as a single uppercase letter: A, B, C, or D.  **Question:** Which mitigation strategy from the MITRE ATT&CK framework is recommended to counteract the abuse of setuid and setgid bits?  **Options:** A) M1028 - Ensure disk encryption B) M1028 - Operating System Configuration C) M1030 - Network Segmentation D) M1040 - Application Isolation and Sandboxing  **Important:** The last line of your answer should contain only the single letter corresponding to the best option, with no additional text. 	B
D	You are given a multiple-choice question (MCQ) from a Cyber Threat Intelligence (CTI) knowledge benchmark dataset. Your task is to choose the best option among the four provided. Return your answer as a single uppercase letter: A, B, C, or D.  **Question:** Which data source should you monitor to detect changes indicating abuse of setuid or setgid bits on files?  **Options:** A) DS0022 - Registry B) DS0017 - Command execution C) DS0035 - Network Traffic D) DS0022 - File Metadata and Modification  **Important:** The last line of your answer should contain only the single letter corresponding to the best option, with no additional text. 	D
