GT	Prompt	Raw_Response	model_name
T1071, T1573, T1083, T1070	"Extract all MITRE Enterprise attack patterns from the following text and map them to their corresponding MITRE technique IDs. Provide reasoning for each identification. Ensure the final line contains only the IDs for the main techniques, separated by commas, excluding any subtechnique IDs. MITRE Enterprise IDs are given below as reference.  **Text:** 3PARA RAT is a remote access tool (RAT) developed in C++ and associated with the group Putter Panda. It communicates with its command and control (C2) servers via HTTP, with commands encrypted using the DES algorithm in CBC mode. The encryption key is derived from the MD5 hash of the string ""HYF54&%9&jkMCXuiS."" If the DES decryption fails, 3PARA RAT will attempt to decode the commands using an 8-byte XOR key, also derived from the same string. The tool includes commands to retrieve file metadata, list the current working directory, and modify file attributes, such as creation and modification timestamps.  **List of All MITRE Enterprise technique IDs** ID    : Name T1548 : Abuse Elevation Control Mechanism T1134 : Access Token Manipulation T1531 : Account Access Removal T1087 : Account Discovery T1098 : Account Manipulation T1650 : Acquire Access T1583 : Acquire Infrastructure T1595 : Active Scanning T1557 : Adversary-in-the-Middle T1071 : Application Layer Protocol T1010 : Application Window Discovery T1560 : Archive Collected Data T1123 : Audio Capture T1119 : Automated Collection T1020 : Automated Exfiltration T1197 : BITS Jobs T1547 : Boot or Logon Autostart Execution T1037 : Boot or Logon Initialization Scripts T1176 : Browser Extensions T1217 : Browser Information Discovery T1185 : Browser Session Hijacking T1110 : Brute Force T1612 : Build Image on Host T1115 : Clipboard Data T1651 : Cloud Administration Command T1580 : Cloud Infrastructure Discovery T1538 : Cloud Service Dashboard T1526 : Cloud Service Discovery T1619 : Cloud Storage Object Discovery T1059 : Command and Scripting Interpreter T1092 : Communication Through Removable Media T1586 : Compromise Accounts T1554 : Compromise Host Software Binary T1584 : Compromise Infrastructure T1609 : Container Administration Command T1613 : Container and Resource Discovery T1659 : Content Injection T1136 : Create Account T1543 : Create or Modify System Process T1555 : Credentials from Password Stores T1485 : Data Destruction T1132 : Data Encoding T1486 : Data Encrypted for Impact T1530 : Data from Cloud Storage T1602 : Data from Configuration Repository T1213 : Data from Information Repositories T1005 : Data from Local System T1039 : Data from Network Shared Drive T1025 : Data from Removable Media T1565 : Data Manipulation T1001 : Data Obfuscation T1074 : Data Staged T1030 : Data Transfer Size Limits T1622 : Debugger Evasion T1491 : Defacement T1140 : Deobfuscate/Decode Files or Information T1610 : Deploy Container T1587 : Develop Capabilities T1652 : Device Driver Discovery T1006 : Direct Volume Access T1561 : Disk Wipe T1484 : Domain or Tenant Policy Modification T1482 : Domain Trust Discovery T1189 : Drive-by Compromise T1568 : Dynamic Resolution T1114 : Email Collection T1573 : Encrypted Channel T1499 : Endpoint Denial of Service T1611 : Escape to Host T1585 : Establish Accounts T1546 : Event Triggered Execution T1480 : Execution Guardrails T1048 : Exfiltration Over Alternative Protocol T1041 : Exfiltration Over C2 Channel T1011 : Exfiltration Over Other Network Medium T1052 : Exfiltration Over Physical Medium T1567 : Exfiltration Over Web Service T1190 : Exploit Public-Facing Application T1203 : Exploitation for Client Execution T1212 : Exploitation for Credential Access T1211 : Exploitation for Defense Evasion T1068 : Exploitation for Privilege Escalation T1210 : Exploitation of Remote Services T1133 : External Remote Services T1008 : Fallback Channels T1083 : File and Directory Discovery T1222 : File and Directory Permissions Modification T1657 : Financial Theft T1495 : Firmware Corruption T1187 : Forced Authentication T1606 : Forge Web Credentials T1592 : Gather Victim Host Information T1589 : Gather Victim Identity Information T1590 : Gather Victim Network Information T1591 : Gather Victim Org Information T1615 : Group Policy Discovery T1200 : Hardware Additions T1564 : Hide Artifacts T1665 : Hide Infrastructure T1574 : Hijack Execution Flow T1562 : Impair Defenses T1656 : Impersonation T1525 : Implant Internal Image T1070 : Indicator Removal T1202 : Indirect Command Execution T1105 : Ingress Tool Transfer T1490 : Inhibit System Recovery T1056 : Input Capture T1559 : Inter-Process Communication T1534 : Internal Spearphishing T1570 : Lateral Tool Transfer T1654 : Log Enumeration T1036 : Masquerading T1556 : Modify Authentication Process T1578 : Modify Cloud Compute Infrastructure T1112 : Modify Registry T1601 : Modify System Image T1111 : Multi-Factor Authentication Interception T1621 : Multi-Factor Authentication Request Generation T1104 : Multi-Stage Channels T1106 : Native API T1599 : Network Boundary Bridging T1498 : Network Denial of Service T1046 : Network Service Discovery T1135 : Network Share Discovery T1040 : Network Sniffing T1095 : Non-Application Layer Protocol T1571 : Non-Standard Port T1027 : Obfuscated Files or Information T1588 : Obtain Capabilities T1137 : Office Application Startup T1003 : OS Credential Dumping T1201 : Password Policy Discovery T1120 : Peripheral Device Discovery T1069 : Permission Groups Discovery T1566 : Phishing T1598 : Phishing for Information T1647 : Plist File Modification T1653 : Power Settings T1542 : Pre-OS Boot T1057 : Process Discovery T1055 : Process Injection T1572 : Protocol Tunneling T1090 : Proxy T1012 : Query Registry T1620 : Reflective Code Loading T1219 : Remote Access Software T1563 : Remote Service Session Hijacking T1021 : Remote Services T1018 : Remote System Discovery T1091 : Replication Through Removable Media T1496 : Resource Hijacking T1207 : Rogue Domain Controller T1014 : Rootkit T1053 : Scheduled Task/Job T1029 : Scheduled Transfer T1113 : Screen Capture T1597 : Search Closed Sources T1596 : Search Open Technical Databases T1593 : Search Open Websites/Domains T1594 : Search Victim-Owned Websites T1505 : Server Software Component T1648 : Serverless Execution T1489 : Service Stop T1129 : Shared Modules T1072 : Software Deployment Tools T1518 : Software Discovery T1608 : Stage Capabilities T1528 : Steal Application Access Token T1649 : Steal or Forge Authentication Certificates T1558 : Steal or Forge Kerberos Tickets T1539 : Steal Web Session Cookie T1553 : Subvert Trust Controls T1195 : Supply Chain Compromise T1218 : System Binary Proxy Execution T1082 : System Information Discovery T1614 : System Location Discovery T1016 : System Network Configuration Discovery T1049 : System Network Connections Discovery T1033 : System Owner/User Discovery T1216 : System Script Proxy Execution T1007 : System Service Discovery T1569 : System Services T1529 : System Shutdown/Reboot T1124 : System Time Discovery T1080 : Taint Shared Content T1221 : Template Injection T1205 : Traffic Signaling T1537 : Transfer Data to Cloud Account T1127 : Trusted Developer Utilities Proxy Execution T1199 : Trusted Relationship T1552 : Unsecured Credentials T1535 : Unused/Unsupported Cloud Regions T1550 : Use Alternate Authentication Material T1204 : User Execution T1078 : Valid Accounts T1125 : Video Capture T1497 : Virtualization/Sandbox Evasion T1600 : Weaken Encryption T1102 : Web Service T1047 : Windows Management Instrumentation T1220 : XSL Script Processing     "	"- T1219 Remote Access Software: 3PARA RAT is explicitly described as a remote access tool (RAT), which aligns with adversaries using remote access software to control compromised hosts.
- T1071 Application Layer Protocol: It communicates with C2 over HTTP, a standard application-layer protocol used for command and control.
- T1573 Encrypted Channel: Commands are encrypted with DES (CBC), indicating use of cryptography to protect C2 communications.
- T1001 Data Obfuscation: The fallback to an XOR-based scheme to handle commands reflects obfuscation of data to evade detection.
- T1140 Deobfuscate/Decode Files or Information: The malware performs decryption/decoding of received commands (DES decryption, then XOR decoding) before use.
- T1083 File and Directory Discovery: It includes commands to list the current working directory and retrieve file metadata, which are file/directory discovery activities.
- T1070 Indicator Removal: It can modify file attributes such as creation/modification timestamps, consistent with timestomping behavior to evade forensic detection.

T1001, T1070, T1071, T1083, T1140, T1219, T1573"	T1219, T1071, T1573, T1001, T1140, T1083, T1070
T1071, T1059, T1573, T1083, T1057, T1082	Extract all MITRE Enterprise attack patterns from the following text and map them to their corresponding MITRE technique IDs. Provide reasoning for each identification. Ensure the final line contains only the IDs for the main techniques, separated by commas, excluding any subtechnique IDs. MITRE Enterprise IDs are given below as reference.  **Text:** 4H RAT is a piece of malware linked to Putter Panda, with evidence of its use dating back to at least 2007. It relies on HTTP for command and control (C2) communication and has the ability to create a remote shell. To obfuscate its C2 traffic, 4H RAT uses a 1-byte XOR encryption with the key 0xBE. The malware is capable of retrieving file and directory listings, as well as obtaining information about running processes and loaded modules. Additionally, 4H RAT includes an OS version identifier in its beacon messages.  **List of All MITRE Enterprise technique IDs** ID    : Name T1548 : Abuse Elevation Control Mechanism T1134 : Access Token Manipulation T1531 : Account Access Removal T1087 : Account Discovery T1098 : Account Manipulation T1650 : Acquire Access T1583 : Acquire Infrastructure T1595 : Active Scanning T1557 : Adversary-in-the-Middle T1071 : Application Layer Protocol T1010 : Application Window Discovery T1560 : Archive Collected Data T1123 : Audio Capture T1119 : Automated Collection T1020 : Automated Exfiltration T1197 : BITS Jobs T1547 : Boot or Logon Autostart Execution T1037 : Boot or Logon Initialization Scripts T1176 : Browser Extensions T1217 : Browser Information Discovery T1185 : Browser Session Hijacking T1110 : Brute Force T1612 : Build Image on Host T1115 : Clipboard Data T1651 : Cloud Administration Command T1580 : Cloud Infrastructure Discovery T1538 : Cloud Service Dashboard T1526 : Cloud Service Discovery T1619 : Cloud Storage Object Discovery T1059 : Command and Scripting Interpreter T1092 : Communication Through Removable Media T1586 : Compromise Accounts T1554 : Compromise Host Software Binary T1584 : Compromise Infrastructure T1609 : Container Administration Command T1613 : Container and Resource Discovery T1659 : Content Injection T1136 : Create Account T1543 : Create or Modify System Process T1555 : Credentials from Password Stores T1485 : Data Destruction T1132 : Data Encoding T1486 : Data Encrypted for Impact T1530 : Data from Cloud Storage T1602 : Data from Configuration Repository T1213 : Data from Information Repositories T1005 : Data from Local System T1039 : Data from Network Shared Drive T1025 : Data from Removable Media T1565 : Data Manipulation T1001 : Data Obfuscation T1074 : Data Staged T1030 : Data Transfer Size Limits T1622 : Debugger Evasion T1491 : Defacement T1140 : Deobfuscate/Decode Files or Information T1610 : Deploy Container T1587 : Develop Capabilities T1652 : Device Driver Discovery T1006 : Direct Volume Access T1561 : Disk Wipe T1484 : Domain or Tenant Policy Modification T1482 : Domain Trust Discovery T1189 : Drive-by Compromise T1568 : Dynamic Resolution T1114 : Email Collection T1573 : Encrypted Channel T1499 : Endpoint Denial of Service T1611 : Escape to Host T1585 : Establish Accounts T1546 : Event Triggered Execution T1480 : Execution Guardrails T1048 : Exfiltration Over Alternative Protocol T1041 : Exfiltration Over C2 Channel T1011 : Exfiltration Over Other Network Medium T1052 : Exfiltration Over Physical Medium T1567 : Exfiltration Over Web Service T1190 : Exploit Public-Facing Application T1203 : Exploitation for Client Execution T1212 : Exploitation for Credential Access T1211 : Exploitation for Defense Evasion T1068 : Exploitation for Privilege Escalation T1210 : Exploitation of Remote Services T1133 : External Remote Services T1008 : Fallback Channels T1083 : File and Directory Discovery T1222 : File and Directory Permissions Modification T1657 : Financial Theft T1495 : Firmware Corruption T1187 : Forced Authentication T1606 : Forge Web Credentials T1592 : Gather Victim Host Information T1589 : Gather Victim Identity Information T1590 : Gather Victim Network Information T1591 : Gather Victim Org Information T1615 : Group Policy Discovery T1200 : Hardware Additions T1564 : Hide Artifacts T1665 : Hide Infrastructure T1574 : Hijack Execution Flow T1562 : Impair Defenses T1656 : Impersonation T1525 : Implant Internal Image T1070 : Indicator Removal T1202 : Indirect Command Execution T1105 : Ingress Tool Transfer T1490 : Inhibit System Recovery T1056 : Input Capture T1559 : Inter-Process Communication T1534 : Internal Spearphishing T1570 : Lateral Tool Transfer T1654 : Log Enumeration T1036 : Masquerading T1556 : Modify Authentication Process T1578 : Modify Cloud Compute Infrastructure T1112 : Modify Registry T1601 : Modify System Image T1111 : Multi-Factor Authentication Interception T1621 : Multi-Factor Authentication Request Generation T1104 : Multi-Stage Channels T1106 : Native API T1599 : Network Boundary Bridging T1498 : Network Denial of Service T1046 : Network Service Discovery T1135 : Network Share Discovery T1040 : Network Sniffing T1095 : Non-Application Layer Protocol T1571 : Non-Standard Port T1027 : Obfuscated Files or Information T1588 : Obtain Capabilities T1137 : Office Application Startup T1003 : OS Credential Dumping T1201 : Password Policy Discovery T1120 : Peripheral Device Discovery T1069 : Permission Groups Discovery T1566 : Phishing T1598 : Phishing for Information T1647 : Plist File Modification T1653 : Power Settings T1542 : Pre-OS Boot T1057 : Process Discovery T1055 : Process Injection T1572 : Protocol Tunneling T1090 : Proxy T1012 : Query Registry T1620 : Reflective Code Loading T1219 : Remote Access Software T1563 : Remote Service Session Hijacking T1021 : Remote Services T1018 : Remote System Discovery T1091 : Replication Through Removable Media T1496 : Resource Hijacking T1207 : Rogue Domain Controller T1014 : Rootkit T1053 : Scheduled Task/Job T1029 : Scheduled Transfer T1113 : Screen Capture T1597 : Search Closed Sources T1596 : Search Open Technical Databases T1593 : Search Open Websites/Domains T1594 : Search Victim-Owned Websites T1505 : Server Software Component T1648 : Serverless Execution T1489 : Service Stop T1129 : Shared Modules T1072 : Software Deployment Tools T1518 : Software Discovery T1608 : Stage Capabilities T1528 : Steal Application Access Token T1649 : Steal or Forge Authentication Certificates T1558 : Steal or Forge Kerberos Tickets T1539 : Steal Web Session Cookie T1553 : Subvert Trust Controls T1195 : Supply Chain Compromise T1218 : System Binary Proxy Execution T1082 : System Information Discovery T1614 : System Location Discovery T1016 : System Network Configuration Discovery T1049 : System Network Connections Discovery T1033 : System Owner/User Discovery T1216 : System Script Proxy Execution T1007 : System Service Discovery T1569 : System Services T1529 : System Shutdown/Reboot T1124 : System Time Discovery T1080 : Taint Shared Content T1221 : Template Injection T1205 : Traffic Signaling T1537 : Transfer Data to Cloud Account T1127 : Trusted Developer Utilities Proxy Execution T1199 : Trusted Relationship T1552 : Unsecured Credentials T1535 : Unused/Unsupported Cloud Regions T1550 : Use Alternate Authentication Material T1204 : User Execution T1078 : Valid Accounts T1125 : Video Capture T1497 : Virtualization/Sandbox Evasion T1600 : Weaken Encryption T1102 : Web Service T1047 : Windows Management Instrumentation T1220 : XSL Script Processing     	"- T1071: Application Layer Protocol — The malware “relies on HTTP for C2 communication,” which is use of an application-layer protocol for command and control.
- T1059: Command and Scripting Interpreter — “Ability to create a remote shell” indicates execution of commands via a shell/command interpreter delivered by the RAT.
- T1001: Data Obfuscation — It “obfuscate[s] its C2 traffic,” aligning with obfuscation to evade detection.
- T1132: Data Encoding — The use of “1-byte XOR” on C2 traffic is a simple custom encoding scheme to mask content on the wire.
- T1083: File and Directory Discovery — It can retrieve “file and directory listings,” which is active discovery of the filesystem.
- T1057: Process Discovery — It obtains “information about running processes and loaded modules,” which is process discovery/introspection.
- T1082: System Information Discovery — The RAT includes an “OS version identifier,” implying it gathers host OS information.
- T1041: Exfiltration Over C2 Channel — Including the OS version “in its beacon messages” reflects sending collected host info back over the existing C2 channel.

T1071,T1059,T1001,T1132,T1083,T1057,T1082,T1041"	T1071, T1059, T1001, T1132, T1083, T1057, T1082, T1041
T1071, T1059, T1140, T1105, T1027, T1055, T1518	Extract all MITRE Enterprise attack patterns from the following text and map them to their corresponding MITRE technique IDs. Provide reasoning for each identification. Ensure the final line contains only the IDs for the main techniques, separated by commas, excluding any subtechnique IDs. MITRE Enterprise IDs are given below as reference.  **Text:** ABK is a downloader associated with BRONZE BUTLER, active since at least 2019. It communicates with its command and control (C2) server via HTTP and can use the command line to execute Portable Executables (PEs) on compromised hosts. ABK is capable of decrypting AES-encrypted payloads and downloading files from the C2 server. Additionally, it can extract malicious PEs from images and inject shellcode into svchost.exe. ABK also has the ability to detect the installed anti-virus software on the compromised host.  **List of All MITRE Enterprise technique IDs** ID    : Name T1548 : Abuse Elevation Control Mechanism T1134 : Access Token Manipulation T1531 : Account Access Removal T1087 : Account Discovery T1098 : Account Manipulation T1650 : Acquire Access T1583 : Acquire Infrastructure T1595 : Active Scanning T1557 : Adversary-in-the-Middle T1071 : Application Layer Protocol T1010 : Application Window Discovery T1560 : Archive Collected Data T1123 : Audio Capture T1119 : Automated Collection T1020 : Automated Exfiltration T1197 : BITS Jobs T1547 : Boot or Logon Autostart Execution T1037 : Boot or Logon Initialization Scripts T1176 : Browser Extensions T1217 : Browser Information Discovery T1185 : Browser Session Hijacking T1110 : Brute Force T1612 : Build Image on Host T1115 : Clipboard Data T1651 : Cloud Administration Command T1580 : Cloud Infrastructure Discovery T1538 : Cloud Service Dashboard T1526 : Cloud Service Discovery T1619 : Cloud Storage Object Discovery T1059 : Command and Scripting Interpreter T1092 : Communication Through Removable Media T1586 : Compromise Accounts T1554 : Compromise Host Software Binary T1584 : Compromise Infrastructure T1609 : Container Administration Command T1613 : Container and Resource Discovery T1659 : Content Injection T1136 : Create Account T1543 : Create or Modify System Process T1555 : Credentials from Password Stores T1485 : Data Destruction T1132 : Data Encoding T1486 : Data Encrypted for Impact T1530 : Data from Cloud Storage T1602 : Data from Configuration Repository T1213 : Data from Information Repositories T1005 : Data from Local System T1039 : Data from Network Shared Drive T1025 : Data from Removable Media T1565 : Data Manipulation T1001 : Data Obfuscation T1074 : Data Staged T1030 : Data Transfer Size Limits T1622 : Debugger Evasion T1491 : Defacement T1140 : Deobfuscate/Decode Files or Information T1610 : Deploy Container T1587 : Develop Capabilities T1652 : Device Driver Discovery T1006 : Direct Volume Access T1561 : Disk Wipe T1484 : Domain or Tenant Policy Modification T1482 : Domain Trust Discovery T1189 : Drive-by Compromise T1568 : Dynamic Resolution T1114 : Email Collection T1573 : Encrypted Channel T1499 : Endpoint Denial of Service T1611 : Escape to Host T1585 : Establish Accounts T1546 : Event Triggered Execution T1480 : Execution Guardrails T1048 : Exfiltration Over Alternative Protocol T1041 : Exfiltration Over C2 Channel T1011 : Exfiltration Over Other Network Medium T1052 : Exfiltration Over Physical Medium T1567 : Exfiltration Over Web Service T1190 : Exploit Public-Facing Application T1203 : Exploitation for Client Execution T1212 : Exploitation for Credential Access T1211 : Exploitation for Defense Evasion T1068 : Exploitation for Privilege Escalation T1210 : Exploitation of Remote Services T1133 : External Remote Services T1008 : Fallback Channels T1083 : File and Directory Discovery T1222 : File and Directory Permissions Modification T1657 : Financial Theft T1495 : Firmware Corruption T1187 : Forced Authentication T1606 : Forge Web Credentials T1592 : Gather Victim Host Information T1589 : Gather Victim Identity Information T1590 : Gather Victim Network Information T1591 : Gather Victim Org Information T1615 : Group Policy Discovery T1200 : Hardware Additions T1564 : Hide Artifacts T1665 : Hide Infrastructure T1574 : Hijack Execution Flow T1562 : Impair Defenses T1656 : Impersonation T1525 : Implant Internal Image T1070 : Indicator Removal T1202 : Indirect Command Execution T1105 : Ingress Tool Transfer T1490 : Inhibit System Recovery T1056 : Input Capture T1559 : Inter-Process Communication T1534 : Internal Spearphishing T1570 : Lateral Tool Transfer T1654 : Log Enumeration T1036 : Masquerading T1556 : Modify Authentication Process T1578 : Modify Cloud Compute Infrastructure T1112 : Modify Registry T1601 : Modify System Image T1111 : Multi-Factor Authentication Interception T1621 : Multi-Factor Authentication Request Generation T1104 : Multi-Stage Channels T1106 : Native API T1599 : Network Boundary Bridging T1498 : Network Denial of Service T1046 : Network Service Discovery T1135 : Network Share Discovery T1040 : Network Sniffing T1095 : Non-Application Layer Protocol T1571 : Non-Standard Port T1027 : Obfuscated Files or Information T1588 : Obtain Capabilities T1137 : Office Application Startup T1003 : OS Credential Dumping T1201 : Password Policy Discovery T1120 : Peripheral Device Discovery T1069 : Permission Groups Discovery T1566 : Phishing T1598 : Phishing for Information T1647 : Plist File Modification T1653 : Power Settings T1542 : Pre-OS Boot T1057 : Process Discovery T1055 : Process Injection T1572 : Protocol Tunneling T1090 : Proxy T1012 : Query Registry T1620 : Reflective Code Loading T1219 : Remote Access Software T1563 : Remote Service Session Hijacking T1021 : Remote Services T1018 : Remote System Discovery T1091 : Replication Through Removable Media T1496 : Resource Hijacking T1207 : Rogue Domain Controller T1014 : Rootkit T1053 : Scheduled Task/Job T1029 : Scheduled Transfer T1113 : Screen Capture T1597 : Search Closed Sources T1596 : Search Open Technical Databases T1593 : Search Open Websites/Domains T1594 : Search Victim-Owned Websites T1505 : Server Software Component T1648 : Serverless Execution T1489 : Service Stop T1129 : Shared Modules T1072 : Software Deployment Tools T1518 : Software Discovery T1608 : Stage Capabilities T1528 : Steal Application Access Token T1649 : Steal or Forge Authentication Certificates T1558 : Steal or Forge Kerberos Tickets T1539 : Steal Web Session Cookie T1553 : Subvert Trust Controls T1195 : Supply Chain Compromise T1218 : System Binary Proxy Execution T1082 : System Information Discovery T1614 : System Location Discovery T1016 : System Network Configuration Discovery T1049 : System Network Connections Discovery T1033 : System Owner/User Discovery T1216 : System Script Proxy Execution T1007 : System Service Discovery T1569 : System Services T1529 : System Shutdown/Reboot T1124 : System Time Discovery T1080 : Taint Shared Content T1221 : Template Injection T1205 : Traffic Signaling T1537 : Transfer Data to Cloud Account T1127 : Trusted Developer Utilities Proxy Execution T1199 : Trusted Relationship T1552 : Unsecured Credentials T1535 : Unused/Unsupported Cloud Regions T1550 : Use Alternate Authentication Material T1204 : User Execution T1078 : Valid Accounts T1125 : Video Capture T1497 : Virtualization/Sandbox Evasion T1600 : Weaken Encryption T1102 : Web Service T1047 : Windows Management Instrumentation T1220 : XSL Script Processing     	"- T1071: Application Layer Protocol — The text states ABK “communicates with its command and control (C2) server via HTTP,” which is C2 over an application-layer protocol (HTTP).
- T1059: Command and Scripting Interpreter — ABK “can use the command line to execute Portable Executables (PEs),” indicating use of a command interpreter for execution.
- T1105: Ingress Tool Transfer — ABK is a “downloader” and “download[s] files from the C2 server,” which maps to transferring payloads from C2 to the host.
- T1140: Deobfuscate/Decode Files or Information — ABK “is capable of decrypting AES-encrypted payloads,” i.e., it decodes/decrypts payloads prior to execution.
- T1027: Obfuscated Files or Information — ABK can “extract malicious PEs from images,” indicating steganography/hidden payloads, and the mention of AES-encrypted payloads also supports use of obfuscation.
- T1055: Process Injection — ABK can “inject shellcode into svchost.exe,” a classic example of process injection.
- T1518: Software Discovery — ABK can “detect the installed anti-virus software,” which is discovery of installed security software.

T1071, T1059, T1105, T1140, T1027, T1055, T1518"	T1071, T1059, T1105, T1140, T1027, T1055, T1518
T1626, T1517, T1437, T1429, T1623, T1533, T1407, T1646, T1404, T1629, T1544, T1430, T1406, T1636, T1418, T1426, T1422, T1512, T1633	Extract all MITRE Mobile attack patterns from the following text and map them to their corresponding MITRE technique IDs. Provide reasoning for each identification. Ensure the final line contains only the IDs for the main techniques, separated by commas, excluding any subtechnique IDs. MITRE Mobile IDs are given below as reference.  **Text:** AbstractEmu is mobile malware that was first detected in October 2021 on Google Play and other third-party app stores. It was found in 19 Android applications, with at least 7 exploiting known Android vulnerabilities to gain root permissions. While primarily affecting users in the United States, AbstractEmu’s reach extends to victims across 17 countries. The malware can modify system settings to grant itself device administrator privileges, monitor notifications, and communicate with its command and control (C2) server via HTTP. AbstractEmu can also grant itself microphone and camera permissions, access location data, and disable Play Protect. Additionally, it can collect extensive device information, including the manufacturer, model, version, serial number, telephone number, IP address, and SIM information. AbstractEmu can download and install additional malware post-infection, access call logs, intercept SMS messages containing two-factor authentication codes, and obtain a list of installed applications. The malware uses encoded shell scripts and exploit binaries to facilitate the rooting process and can silently gain permissions or install additional malware using rooting exploits. To evade detection, AbstractEmu employs code abstraction and anti-emulation checks.  **List of All MITRE Mobile technique IDs** ID    : Name T1626 : Abuse Elevation Control Mechanism T1517 : Access Notifications T1640 : Account Access Removal T1638 : Adversary-in-the-Middle T1437 : Application Layer Protocol T1661 : Application Versioning T1532 : Archive Collected Data T1429 : Audio Capture T1398 : Boot or Logon Initialization Scripts T1616 : Call Control T1414 : Clipboard Data T1623 : Command and Scripting Interpreter T1577 : Compromise Application Executable T1645 : Compromise Client Software Binary T1634 : Credentials from Password Store T1662 : Data Destruction T1471 : Data Encrypted for Impact T1533 : Data from Local System T1641 : Data Manipulation T1407 : Download New Code at Runtime T1456 : Drive-By Compromise T1637 : Dynamic Resolution T1521 : Encrypted Channel T1642 : Endpoint Denial of Service T1624 : Event Triggered Execution T1627 : Execution Guardrails T1639 : Exfiltration Over Alternative Protocol T1646 : Exfiltration Over C2 Channel T1658 : Exploitation for Client Execution T1664 : Exploitation for Initial Access T1404 : Exploitation for Privilege Escalation T1428 : Exploitation of Remote Services T1420 : File and Directory Discovery T1541 : Foreground Persistence T1643 : Generate Traffic from Victim T1628 : Hide Artifacts T1625 : Hijack Execution Flow T1617 : Hooking T1629 : Impair Defenses T1630 : Indicator Removal on Host T1544 : Ingress Tool Transfer T1417 : Input Capture T1516 : Input Injection T1430 : Location Tracking T1461 : Lockscreen Bypass T1655 : Masquerading T1575 : Native API T1464 : Network Denial of Service T1423 : Network Service Scanning T1509 : Non-Standard Port T1406 : Obfuscated Files or Information T1644 : Out of Band Data T1660 : Phishing T1424 : Process Discovery T1631 : Process Injection T1636 : Protected User Data T1604 : Proxy Through Victim T1663 : Remote Access Software T1458 : Replication Through Removable Media T1603 : Scheduled Task/Job T1513 : Screen Capture T1582 : SMS Control T1418 : Software Discovery T1635 : Steal Application Access Token T1409 : Stored Application Data T1632 : Subvert Trust Controls T1474 : Supply Chain Compromise T1426 : System Information Discovery T1422 : System Network Configuration Discovery T1421 : System Network Connections Discovery T1512 : Video Capture T1633 : Virtualization/Sandbox Evasion T1481 : Web Service     	"- Exploitation for Privilege Escalation (T1404): “exploiting known Android vulnerabilities to gain root permissions” and use of “exploit binaries” to root the device.
- Abuse Elevation Control Mechanism (T1626): “modify system settings to grant itself device administrator privileges.”
- Access Notifications (T1517): “monitor notifications.”
- Application Layer Protocol (T1437): “communicate with its command and control (C2) server via HTTP” indicates C2 over an application-layer protocol.
- Audio Capture (T1429): “grant itself microphone … permissions” implies capability to record audio after self-granting mic access.
- Video Capture (T1512): “grant itself … camera permissions” implies capability to record video/images after self-granting camera access.
- Location Tracking (T1430): “access location data.”
- Impair Defenses (T1629): “disable Play Protect.”
- System Information Discovery (T1426): collects “manufacturer, model, version, serial number, telephone number, … and SIM information.”
- System Network Configuration Discovery (T1422): collects “IP address.”
- Download New Code at Runtime (T1407): “download and install additional malware post-infection” and “silently … install additional malware.”
- Ingress Tool Transfer (T1544): same evidence as above; transferring additional malicious payloads to the device.
- Protected User Data (T1636): “access call logs” (and generally sensitive user data).
- SMS Control (T1582): “intercept SMS messages containing two-factor authentication codes.”
- Software Discovery (T1418): “obtain a list of installed applications.”
- Command and Scripting Interpreter (T1623): “encoded shell scripts” used to facilitate rooting and post-exploitation actions.
- Obfuscated Files or Information (T1406): “encoded shell scripts” and “code abstraction.”
- Virtualization/Sandbox Evasion (T1633): “anti-emulation checks.”

T1404, T1626, T1517, T1437, T1429, T1512, T1430, T1629, T1426, T1422, T1407, T1544, T1636, T1582, T1418, T1623, T1406, T1633"	T1404, T1626, T1517, T1437, T1429, T1512, T1430, T1629, T1426, T1422, T1407, T1544, T1636, T1582, T1418, T1623, T1406, T1633
T1071, T1059, T1005, T1140, T1083, T1105	Extract all MITRE Enterprise attack patterns from the following text and map them to their corresponding MITRE technique IDs. Provide reasoning for each identification. Ensure the final line contains only the IDs for the main techniques, separated by commas, excluding any subtechnique IDs. MITRE Enterprise IDs are given below as reference.  **Text:** Action RAT is a remote access tool developed in Delphi and has been employed by SideCopy since at least December 2021, targeting government personnel in India and Afghanistan. The malware communicates with command and control (C2) servers via HTTP and can execute commands on an infected host using cmd.exe. Action RAT is capable of collecting local data, as well as drive and file information from compromised machines. It also uses Base64 decoding to process communications from actor-controlled C2 servers and can download additional payloads onto infected systems.  **List of All MITRE Enterprise technique IDs** ID    : Name T1548 : Abuse Elevation Control Mechanism T1134 : Access Token Manipulation T1531 : Account Access Removal T1087 : Account Discovery T1098 : Account Manipulation T1650 : Acquire Access T1583 : Acquire Infrastructure T1595 : Active Scanning T1557 : Adversary-in-the-Middle T1071 : Application Layer Protocol T1010 : Application Window Discovery T1560 : Archive Collected Data T1123 : Audio Capture T1119 : Automated Collection T1020 : Automated Exfiltration T1197 : BITS Jobs T1547 : Boot or Logon Autostart Execution T1037 : Boot or Logon Initialization Scripts T1176 : Browser Extensions T1217 : Browser Information Discovery T1185 : Browser Session Hijacking T1110 : Brute Force T1612 : Build Image on Host T1115 : Clipboard Data T1651 : Cloud Administration Command T1580 : Cloud Infrastructure Discovery T1538 : Cloud Service Dashboard T1526 : Cloud Service Discovery T1619 : Cloud Storage Object Discovery T1059 : Command and Scripting Interpreter T1092 : Communication Through Removable Media T1586 : Compromise Accounts T1554 : Compromise Host Software Binary T1584 : Compromise Infrastructure T1609 : Container Administration Command T1613 : Container and Resource Discovery T1659 : Content Injection T1136 : Create Account T1543 : Create or Modify System Process T1555 : Credentials from Password Stores T1485 : Data Destruction T1132 : Data Encoding T1486 : Data Encrypted for Impact T1530 : Data from Cloud Storage T1602 : Data from Configuration Repository T1213 : Data from Information Repositories T1005 : Data from Local System T1039 : Data from Network Shared Drive T1025 : Data from Removable Media T1565 : Data Manipulation T1001 : Data Obfuscation T1074 : Data Staged T1030 : Data Transfer Size Limits T1622 : Debugger Evasion T1491 : Defacement T1140 : Deobfuscate/Decode Files or Information T1610 : Deploy Container T1587 : Develop Capabilities T1652 : Device Driver Discovery T1006 : Direct Volume Access T1561 : Disk Wipe T1484 : Domain or Tenant Policy Modification T1482 : Domain Trust Discovery T1189 : Drive-by Compromise T1568 : Dynamic Resolution T1114 : Email Collection T1573 : Encrypted Channel T1499 : Endpoint Denial of Service T1611 : Escape to Host T1585 : Establish Accounts T1546 : Event Triggered Execution T1480 : Execution Guardrails T1048 : Exfiltration Over Alternative Protocol T1041 : Exfiltration Over C2 Channel T1011 : Exfiltration Over Other Network Medium T1052 : Exfiltration Over Physical Medium T1567 : Exfiltration Over Web Service T1190 : Exploit Public-Facing Application T1203 : Exploitation for Client Execution T1212 : Exploitation for Credential Access T1211 : Exploitation for Defense Evasion T1068 : Exploitation for Privilege Escalation T1210 : Exploitation of Remote Services T1133 : External Remote Services T1008 : Fallback Channels T1083 : File and Directory Discovery T1222 : File and Directory Permissions Modification T1657 : Financial Theft T1495 : Firmware Corruption T1187 : Forced Authentication T1606 : Forge Web Credentials T1592 : Gather Victim Host Information T1589 : Gather Victim Identity Information T1590 : Gather Victim Network Information T1591 : Gather Victim Org Information T1615 : Group Policy Discovery T1200 : Hardware Additions T1564 : Hide Artifacts T1665 : Hide Infrastructure T1574 : Hijack Execution Flow T1562 : Impair Defenses T1656 : Impersonation T1525 : Implant Internal Image T1070 : Indicator Removal T1202 : Indirect Command Execution T1105 : Ingress Tool Transfer T1490 : Inhibit System Recovery T1056 : Input Capture T1559 : Inter-Process Communication T1534 : Internal Spearphishing T1570 : Lateral Tool Transfer T1654 : Log Enumeration T1036 : Masquerading T1556 : Modify Authentication Process T1578 : Modify Cloud Compute Infrastructure T1112 : Modify Registry T1601 : Modify System Image T1111 : Multi-Factor Authentication Interception T1621 : Multi-Factor Authentication Request Generation T1104 : Multi-Stage Channels T1106 : Native API T1599 : Network Boundary Bridging T1498 : Network Denial of Service T1046 : Network Service Discovery T1135 : Network Share Discovery T1040 : Network Sniffing T1095 : Non-Application Layer Protocol T1571 : Non-Standard Port T1027 : Obfuscated Files or Information T1588 : Obtain Capabilities T1137 : Office Application Startup T1003 : OS Credential Dumping T1201 : Password Policy Discovery T1120 : Peripheral Device Discovery T1069 : Permission Groups Discovery T1566 : Phishing T1598 : Phishing for Information T1647 : Plist File Modification T1653 : Power Settings T1542 : Pre-OS Boot T1057 : Process Discovery T1055 : Process Injection T1572 : Protocol Tunneling T1090 : Proxy T1012 : Query Registry T1620 : Reflective Code Loading T1219 : Remote Access Software T1563 : Remote Service Session Hijacking T1021 : Remote Services T1018 : Remote System Discovery T1091 : Replication Through Removable Media T1496 : Resource Hijacking T1207 : Rogue Domain Controller T1014 : Rootkit T1053 : Scheduled Task/Job T1029 : Scheduled Transfer T1113 : Screen Capture T1597 : Search Closed Sources T1596 : Search Open Technical Databases T1593 : Search Open Websites/Domains T1594 : Search Victim-Owned Websites T1505 : Server Software Component T1648 : Serverless Execution T1489 : Service Stop T1129 : Shared Modules T1072 : Software Deployment Tools T1518 : Software Discovery T1608 : Stage Capabilities T1528 : Steal Application Access Token T1649 : Steal or Forge Authentication Certificates T1558 : Steal or Forge Kerberos Tickets T1539 : Steal Web Session Cookie T1553 : Subvert Trust Controls T1195 : Supply Chain Compromise T1218 : System Binary Proxy Execution T1082 : System Information Discovery T1614 : System Location Discovery T1016 : System Network Configuration Discovery T1049 : System Network Connections Discovery T1033 : System Owner/User Discovery T1216 : System Script Proxy Execution T1007 : System Service Discovery T1569 : System Services T1529 : System Shutdown/Reboot T1124 : System Time Discovery T1080 : Taint Shared Content T1221 : Template Injection T1205 : Traffic Signaling T1537 : Transfer Data to Cloud Account T1127 : Trusted Developer Utilities Proxy Execution T1199 : Trusted Relationship T1552 : Unsecured Credentials T1535 : Unused/Unsupported Cloud Regions T1550 : Use Alternate Authentication Material T1204 : User Execution T1078 : Valid Accounts T1125 : Video Capture T1497 : Virtualization/Sandbox Evasion T1600 : Weaken Encryption T1102 : Web Service T1047 : Windows Management Instrumentation T1220 : XSL Script Processing     	"Identified techniques and reasoning:
- T1071 – Application Layer Protocol: The malware communicates with C2 servers via HTTP, a common application-layer web protocol for C2.
- T1059 – Command and Scripting Interpreter: It executes commands on the host using cmd.exe (Windows command shell).
- T1005 – Data from Local System: It is capable of collecting local data from compromised machines.
- T1083 – File and Directory Discovery: It gathers drive and file information (enumerating files/directories/drives).
- T1140 – Deobfuscate/Decode Files or Information: It uses Base64 decoding to process C2 communications, indicating decoding of obfuscated/encoded data.
- T1105 – Ingress Tool Transfer: It can download additional payloads onto infected systems from C2.

T1071, T1059, T1005, T1083, T1140, T1105"	T1071, T1059, T1005, T1083, T1140, T1105
